{"cameraMode":{"drawMode":0,"name":"Shaded","section":"Shading Mode"},"sceneLighting":false,"audioPlay":false,"sceneViewState":{"m_AlwaysRefresh":false,"showFog":true,"showSkybox":false,"showFlares":true,"showImageEffects":true,"showParticleSystems":true,"showVisualEffectGraphs":true,"m_FxEnabled":true},"in2DMode":false,"pivot":{"x":-0.0020155985839664938,"y":0.001684740767814219,"z":0.0010864429641515017},"rotation":{"x":0.05818817391991615,"y":0.10198058187961579,"z":-0.005778965074568987,"w":0.9931476712226868},"size":0.005117753520607948,"orthographic":false}