{"cameraMode":{"drawMode":0,"name":"Shaded","section":"Shading Mode"},"sceneLighting":true,"audioPlay":false,"sceneViewState":{"m_AlwaysRefresh":false,"showFog":true,"showSkybox":false,"showFlares":true,"showImageEffects":true,"showParticleSystems":true,"showVisualEffectGraphs":true,"m_FxEnabled":true},"in2DMode":false,"pivot":{"x":695.2988891601563,"y":423.3629150390625,"z":-289.78961181640627},"rotation":{"x":-0.13032464683055879,"y":0.04190504550933838,"z":-0.005573649425059557,"w":-0.9906299114227295},"size":114.84501647949219,"orthographic":false}